category,phrase,title,url,publish_date,media_name,media_url,coded_narrative,ageism_present,voice_representation,notes
limiting,aging population crisis,"Health Matters: Fewer COVID cases, but Nebraska hospitals are still 'bursting at the seams'",https://journalstar.com/exclusive/health-matters/health-matters-fewer-covid-cases-but-nebraska-hospitals-are-still-bursting-at-the-seams/article_66dcf7cc-f629-558a-8b8a-2fa2636d5d95.html,2023-01-14,journalstar.com,journalstar.com,,,,
limiting,elderly burden,"Global Prescription Drugs Markets, 2020-2022 2022-2027: Speciality Drugs are Predicted to Enhance Future Sales",https://www.benzinga.com/pressreleases/23/01/g30388137/global-prescription-drugs-markets-2020-2022-2022-2027-speciality-drugs-are-predicted-to-enhance-fu,2023-01-12,benzinga.com,benzinga.com,,,,
limiting,aging population crisis,"China's Huawei looks to ports, factories to rebuild sales",https://www.burnabynow.com/science-news/chinas-huawei-looks-to-ports-factories-to-rebuild-sales-6424687,2023-01-24,burnabynow.com,burnabynow.com,,,,
limiting,elderly burden,PM: Bumpy road ahead for Trinidad and Tobago,https://news.google.com/__i/rss/rd/articles/CBMiTWh0dHBzOi8vbmV3c2RheS5jby50dC8yMDIzLzAxLzIzL3BtLWJ1bXB5LXJvYWQtYWhlYWQtZm9yLXRyaW5pZGFkLWFuZC10b2JhZ28v0gEA?oc=5,2023-01-23,google.com,google.com,,,,
limiting,aging population crisis,RACIAL EQUITY HIGHLIGHTS,https://www.newdetroit.org/racial-equity-highlights/,2023-02-06,newdetroit.org,newdetroit.org,,,,
limiting,aging population crisis,"Better-off patients may have to pay for GP appointments, veteran Tory warns",https://www.echo-news.co.uk/news/23242518.nhs-patients-may-need-pay-see-gp-tory-warns/?ref=rss,2023-01-11,echo-news.co.uk,echo-news.co.uk,,,,
limiting,elderly burden,Profilin 1 deficiency drives mitotic defects and reduces genome stability,https://www.nature.com/articles/s42003-022-04392-8,2023-01-04,nature.com,nature.com,,,,
limiting,aging crisis,Storming into 2023 010323,https://www.stunewslaguna.com/index.php/2-uncategorised/22119-storming-into-2023-010323,2023-01-03,stunewslaguna.com,stunewslaguna.com,,,,
limiting,aging population crisis,"China’s Population Falls, Heralding a Demographic Crisis",https://api.follow.it/track-rss-story-click/v3/pqPiIJZwtEqrcFL7KrzE0A,2023-01-16,follow.it,follow.it,,,,
limiting,aging crisis,10 TV spin-offs from the last decade that were better than the original show,https://www.insider.com/tv-spin-offs-better-than-original-show-last-decade-2023-1,2023-01-02,insider.com,insider.com,,,,
limiting,elderly burden,"As She Prepares to Head Off to the U.S. House, VA State Sen. Jennifer McClellan Announces Superb Legislative Agenda for 2023",https://bluevirginia.us/2023/01/as-she-prepares-to-head-off-to-the-u-s-house-va-state-sen-jennifer-mcclellan-announces-superb-legislative-agenda-for-2023,2023-01-11,bluevirginia.us,bluevirginia.us,,,,
limiting,aging population crisis,"Better-off patients may have to pay for GP appointments, veteran Tory warns",https://www.wiltsglosstandard.co.uk/news/23242651.nhs-patients-may-need-pay-see-gp-tory-warns/?ref=rss,2023-01-11,wiltsglosstandard.co.uk,wiltsglosstandard.co.uk,,,,
limiting,elderly burden,Sundance Review: Sing J. Lee's ‘The Accidental Getaway Driver’,https://deadline.com/2023/01/the-accidental-getaway-driver-review-sundance-film-festival-sing-j-lee-1235241195/,2023-01-26,deadline.com,deadline.com,,,,
limiting,aging population crisis,Middle East and Terrorism,http://israelagainstterror.blogspot.com/2023/01/when-iranian-hell-freezes-over-hugh.html,2023-01-24,israelagainstterror.blogspot.com,israelagainstterror.blogspot.com,,,,
limiting,elderly burden,Impact will be global as China's population shrinks,https://puertoricotribune.com/impact-will-be-global-as-chinas-population-shrinks/,2023-01-19,puertoricotribune.com,puertoricotribune.com,,,,
limiting,aging population crisis,Work Past 62? 'Non!' Say the French.,https://www.theatlantic.com/ideas/archive/2023/01/paris-france-retirement-pension-reform-protests/672824/?utm_source=feed,2023-01-25,theatlantic.com,theatlantic.com,,,,
limiting,elderly burden,Seoul mayor accuses liberals of leading nation in wrong direction,https://koreatimes.co.kr/www/nation/2023/02/356_344531.html?utm_source=fl,2023-01-30,koreatimes.co.kr,koreatimes.co.kr,,,,
limiting,aging crisis,Eva Lista-De Weever’s CPS named Organization of the Year,https://trinidadtribune.com/eva-lista-de-weevers-cps-named-organization-of-the-year/,2023-01-12,trinidadtribune.com,trinidadtribune.com,,,,
limiting,aging crisis,"Hospitals in throes of staff shortages, burnout",https://www.arkansasonline.com/news/2023/jan/16/hospitals-in-throes-of-staff-shortages-burnout/,2023-01-16,arkansasonline.com,arkansasonline.com,,,,
limiting,elderly burden,State and Federal Impacts of Insufficient Retirement Savings,https://www.ncsl.org/labor-and-employment/state-and-federal-impacts-of-insufficient-retirement-savings,2023-07-17,ncsl.org,ncsl.org,,,,
limiting,aging population crisis,China records 1st population fall in decades as births drop,https://www.newsday.com/news/world/china-population-drop-birth-rate-cxmfxc6m,2023-01-17,newsday.com,newsday.com,,,,
limiting,aging crisis,The History of American Public Housing Shows It Didn’t Have to Decline,https://jacobin.com/2023/01/public-housing-us-history-destruction-neoliberalism-hope-iv/,2023-06-01,jacobin.com,jacobin.com,,,,
limiting,elderly burden,Modeling Gone Bad,https://www.theepochtimes.com/modeling-gone-bad_4966776.html,2023-01-06,theepochtimes.com,theepochtimes.com,,,,
limiting,elderly burden,CAR T-Cell Therapy Market Size to Expand USD 6.43 Bn by 2032,https://www.benzinga.com/pressreleases/23/01/g30442140/car-t-cell-therapy-market-size-to-expand-usd-6-43-bn-by-2032,2023-01-17,benzinga.com,benzinga.com,,,,
limiting,aging crisis,Japan is paying families to leave Tokyo. Here's why,https://dutchcaribbeannews.com/japan-is-paying-families-to-leave-tokyo-heres-why/,2023-01-04,dutchcaribbeannews.com,dutchcaribbeannews.com,,,,
limiting,elderly burden,COVID-19 prevention and control measures associated with decrease in influenza activity,https://api.follow.it/track-rss-story-click/v3/GB2MdDFhBVit5WvPEbgqBHn9ye8UNv30,2023-01-02,follow.it,follow.it,,,,
limiting,aging population crisis,China records first population decline in 60 years,https://kesq.com/news/2023/01/16/china-records-first-population-decline-in-60-years/,2023-01-16,kesq.com,kesq.com,,,,
limiting,elderly burden,Trees could cut urban heatwave mortality by a third: study,https://www.geo.tv/latest/468417-trees-could-cut-urban-heatwave-mortality-by-a-third-study,2023-02-01,geo.tv,geo.tv,,,,
limiting,elderly burden,Evening home blood pressure and pulse rate: age-specific associations with nocturia severity,https://www.nature.com/articles/s41371-023-00803-3,2023-01-24,nature.com,nature.com,,,,
limiting,aging population crisis,The border shouldn't be used as political theater,https://www.abqjournal.com/2564721/the-border-shouldnt-be-used-as-political-theater.html,2023-01-14,abqjournal.com,abqjournal.com,,,,
neutral,population aging,Kick-off event planned for Aboyne Rural Hospice,https://www.wellingtonadvertiser.com/kick-off-event-planned-for-aboyne-rural-hospice/?utm_source=rss&utm_medium=rss&utm_campaign=kick-off-event-planned-for-aboyne-rural-hospice,2023-09-05,wellingtonadvertiser.com,wellingtonadvertiser.com,,,,
neutral,elderly population,China pledges 'final victory' over COVID as outbreak raises global alarm,https://www.ctvnews.ca/health/coronavirus/china-pledges-final-victory-over-covid-as-outbreak-raises-global-alarm-1.6216878,2023-01-04,ctvnews.ca,ctvnews.ca,,,,
neutral,elderly population,2023 outlook: India will mark its rise by showing leadership: Editor-in-Chief of Nikkei Asia,http://www.asiapacificstar.com/news/273310650/2023-outlook-india-will-mark-its-rise-by-showing-leadership-editor-in-chief-of-nikkei-asia,2023-01-04,asiapacificstar.com,asiapacificstar.com,,,,
neutral,elderly population,RSL wilfully blind to the harm of problem gambling,https://www.theage.com.au/politics/nsw/rsl-wilfully-blind-to-the-harm-of-problem-gambling-20230102-p5c9sv.html?ref=rss&utm_medium=rss&utm_source=rss_feed,2023-01-02,theage.com.au,theage.com.au,,,,
neutral,population aging,Two wanted women turn themselves in at Chatham-Kent police headquarters,https://windsor.ctvnews.ca/two-wanted-women-turn-themselves-in-at-chatham-kent-police-headquarters-1.6217133,2023-01-04,ctvnews.ca,ctvnews.ca,,,,
neutral,population aging,Japan is paying families to leave Tokyo. Here's why,https://grenadachronicle.com/japan-is-paying-families-to-leave-tokyo-heres-why/,2023-01-04,grenadachronicle.com,grenadachronicle.com,,,,
neutral,population aging,UK leader calls crisis meeting over struggling health system,http://www.baynews9.com/fl/tampa/ap-online/2023/01/07/uk-leader-calls-crisis-meeting-over-struggling-health-system,2023-01-07,baynews9.com,baynews9.com,,,,
neutral,elderly population,China slams 'unacceptable' Covid curbs on travellers from its territory,https://www.thecitizen.co.tz/tanzania/news/international/china-slams-unacceptable-covid-curbs-on-travellers-from-its-territory-4074244,2023-01-03,thecitizen.co.tz,thecitizen.co.tz,,,,
neutral,elderly population,Caregiver burden: Easing the physical and mental toll,https://myimessenger.com/news/caregiver-burden-easing-the-physical-and-mental-toll/,2023-01-01,myimessenger.com,myimessenger.com,,,,
neutral,population aging,Cyber security expert has some advice to guard your online information,https://northernontario.ctvnews.ca/cyber-security-expert-has-some-advice-to-guard-your-online-information-1.6216571,2023-01-03,ctvnews.ca,ctvnews.ca,,,,
neutral,population aging,Editorial: Limits to Japan's debt reliance evident as BOJ raises bond yield cap,https://mainichi.jp/english/articles/20230107/p2a/00m/0op/023000c,2023-01-07,mainichi.jp,mainichi.jp,,,,
neutral,elderly population,France urges EU peers to test Chinese travellers for COVID,https://www.moneycontrol.com/news/world-news/france-urges-eu-peers-to-test-chinese-travellers-for-covid_16793571.html,2023-01-03,moneycontrol.com,moneycontrol.com,,,,
neutral,elderly population,Controlled Narrative: Telegraph alters article hours later to hide COVID Vaccine info that your Government doesn’t want you to know,https://expose-news.com/2023/01/27/controlled-narrative-telegraph-rewrites-history-covid-vaccine/,2023-01-27,expose-news.com,expose-news.com,,,,
neutral,population aging,New Study Suggests Walnuts May Fend Off Stress-Related Negative Impacts In University Students,https://www.einpresswire.com/article/609053661/new-study-suggests-walnuts-may-fend-off-stress-related-negative-impacts-in-university-students?ref=rss&code=3Tq8emQY2Pi7_wee,2023-01-01,einpresswire.com,einpresswire.com,,,,
neutral,population aging,Japanese government offers Tokyo residents ¥1 million to leave,https://www.deseret.com/u-s-world/2023/1/4/23539659/japanese-population-decline-tokyo-incentive,2023-01-04,deseret.com,deseret.com,,,,
neutral,elderly population,"USDA ARS Online Magazine Vol. 45, No. 6",https://agresearchmag.ars.usda.gov/1997/jun/folate,2023-04-10,usda.gov,usda.gov,,,,
neutral,population aging,Wisconsin could become magnet for growth in Midwest with tax cut.,http://rssfeeds.sheboyganpress.com/~/723439818/0/sheboygan/opinion~Eliminating-state-income-tax-would-be-gamechanger-for-Wisconsin-residents-drive-economic-growth/,2023-01-03,sheboyganpress.com,sheboyganpress.com,,,,
neutral,population aging,"Binkley serious about balancing budget, fixing broken systems if elected U.S. president",https://wcfcourier.com/news/local/govt-and-politics/article_441ce606-15da-11ee-9614-93fb10269b0d.html,2023-07-01,wcfcourier.com,wcfcourier.com,,,,
neutral,population aging,Sudbury Wolves trade their captain for five draft picks,https://northernontario.ctvnews.ca/sudbury-wolves-trade-their-captain-for-five-draft-picks-1.6216164,2023-01-03,ctvnews.ca,ctvnews.ca,,,,
neutral,population aging,UK leader calls crisis meeting over struggling health system,https://nationalpost.com/pmn/health-pmn/uk-leader-calls-crisis-meeting-over-struggling-health-system,2023-01-07,nationalpost.com,nationalpost.com,,,,
neutral,elderly population,"As COVID-hit China reopens to the world, countries put up travel barriers",https://economictimes.indiatimes.com/news/international/world-news/as-covid-hit-china-reopens-to-the-world-countries-put-up-travel-barriers/articleshow/96781065.cms,2023-01-06,indiatimes.com,indiatimes.com,,,,
neutral,population aging,Delphos Senior Citizens cries foul in funding dispute,https://delphosherald.com:443/Content/News/News/Article/Delphos-Senior-Citizens-cries-foul-in-funding-dispute/191/1183/221080,2023-01-01,delphosherald.com,delphosherald.com,,,,
neutral,population aging,"North America Wheelchair Market Size, Share Trends Analysis Report By Product, By Category Type, By Application, By Region And Segment Forecasts, 2023",https://www.globenewswire.com/news-release/2023/01/05/2583578/0/en/North-America-Wheelchair-Market-Size-Share-Trends-Analysis-Report-By-Product-By-Category-Type-By-Application-By-Region-And-Segment-Forecasts-2023-2030.html,2023-01-05,globenewswire.com,globenewswire.com,,,,
neutral,population aging,"Staying hydrated lowers risk for disease and premature death, study finds",https://www.kcra.com/article/benefits-of-staying-hydrated/42378985,2023-01-03,kcra.com,kcra.com,,,,
neutral,elderly population,A record year of death: Who were the victims of police violence in the US in 2022?,https://www.wsws.org/en/articles/2023/01/04/xnmh-j04.html,2023-01-04,wsws.org,wsws.org,,,,
neutral,elderly population,China admits its Covid deaths are 'huge' and 70% of Shanghai's 25m residents have been infected,https://www.dailymail.co.uk/news/article-11594391/China-admits-Covid-deaths-huge-70-Shanghais-25m-residents-infected.html?ns_mchannel=rss&ito=1490&ns_campaign=1490,2023-01-03,dailymail.co.uk,dailymail.co.uk,,,,
neutral,elderly population,Beds run out at Beijing hospital as COVID brings more sick,https://www.thehamdenjournal.com/world/beds-run-out-at-beijing-hospital-as-covid-brings-more-sick/473346/?utm_source=rss&utm_medium=rss&utm_campaign=beds-run-out-at-beijing-hospital-as-covid-brings-more-sick,2023-01-05,thehamdenjournal.com,thehamdenjournal.com,,,,
neutral,population aging,"Staying hydrated lowers risk for disease and premature death, study finds",https://api.follow.it/track-rss-story-click/v3/GB2MdDFhBVhiCFN8wwZoOXn9ye8UNv30,2023-01-03,follow.it,follow.it,,,,
neutral,elderly population,BF.7: A cause for concern,https://kathmandupost.com/columns/2023/01/02/bf-7-a-cause-for-concern,2023-01-02,kathmandupost.com,kathmandupost.com,,,,
neutral,elderly population,Millions of Michiganders now getting more care from Inflation Reduction Act,https://www.wlns.com/news/michigan/millions-of-michiganders-to-get-more-care-from-inflation-reduction-act/,2023-01-04,wlns.com,wlns.com,,,,
empowering,productive aging,"NFL mock draft 2023: C.J. Stroud, Anthony Richardson up after combine",http://rssfeeds.usatoday.com/~/730077533/0/usatoday-newstopstories~NFL-mock-draft-Bidding-war-begins-for-QBs-Bryce-Young-CJ-Stroud-after-combine/,2023-03-06,usatoday.com,usatoday.com,,,,
empowering,productive aging,"NFL Mock Draft 2023, 2-round edition: Anthony Richardson, Will Levis stock skyrockets before NFL Combine",https://www.sportingnews.com/us/nfl/news/nfl-mock-draft-2023-2-round-nfl-combine/s3sijusaz5fgapkls9itnftl,2023-02-27,sportingnews.com,sportingnews.com,,,,
empowering,elder wisdom,The Double Whammy Making Italy the West’s Fastest-Shrinking Nation,https://api.follow.it/track-rss-story-click/v3/f7AldaZJWxTLWZ2-kDFWCA,2023-01-30,follow.it,follow.it,,,,
empowering,elder wisdom,Silver Skate Festival features work of St. Albert theatre alumnus,https://www.stalbertgazette.com/local-entertainment/silver-skate-festival-features-work-of-st-albert-theatre-alumnus-6489601,2023-02-11,stalbertgazette.com,stalbertgazette.com,,,,
empowering,productive aging,"New Year, New Career: 2023 is the Perfect Time to Make a Change",https://sixtyandme.com/embrace-career-change/,2023-01-19,sixtyandme.com,sixtyandme.com,,,,
empowering,productive aging,"At this point, there’s really no reason for the Yankees not to sign Jurickson Profar",https://www.mercurynews.com/2023/02/01/at-this-point-theres-really-no-reason-for-the-yankees-not-to-sign-jurickson-profar/,2023-02-01,mercurynews.com,mercurynews.com,,,,
empowering,elder wisdom,The Aeo robot is designed to patrol and disinfect hospitals,https://news.yahoo.com/aeo-robot-designed-patrol-disinfect-050103073.html,2023-01-05,yahoo.com,yahoo.com,,,,
empowering,elder wisdom,‘Lady Geologist’ Debjani Raychaudhuri: Lack Of Toilets Biggest Challenge In The Field,https://www.womensweb.in/2023/02/lady-geologist-debjani-raychaudhuri-shuchita-jha-feb23wk2sr/,2023-02-10,womensweb.in,womensweb.in,,,,
empowering,productive aging,"North Country leaders give update on state of Clinton Co., city and town of Plattsburgh",https://www.mynbc5.com/article/north-country-leaders-give-update-on-state-of-clinton-co-city-and-town-of-plattsburgh/43166070,2023-03-02,mynbc5.com,mynbc5.com,,,,
empowering,productive aging,What Wall Street Gets Wrong About Xi Jinping's New Money Men,https://news.yahoo.com/wall-street-gets-wrong-xi-000001317.html,2023-03-03,yahoo.com,yahoo.com,,,,
empowering,elder wisdom,REI Path Ahead Ventures celebrates graduation of 18 outdoor industry founders of color from 2023 Embark program,https://www.prnewswire.com/news-releases/rei-path-ahead-ventures-celebrates-graduation-of-18-outdoor-industry-founders-of-color-from-2023-embark-program-301796364.html,2023-04-13,prnewswire.com,prnewswire.com,,,,
empowering,elder wisdom,"Cast off 'blanket of shame and lies,' artist urges",https://www.barrietoday.com/local-entertainment/cast-off-blanket-of-shame-and-lies-artist-urges-6405311,2023-01-22,barrietoday.com,barrietoday.com,,,,
empowering,elder wisdom,PHOTOS: ‘This beautiful work’: Sts’ailes First Nation welcomes 29 baskets home,https://www.burnslakelakesdistrictnews.com/community/photos-this-beautiful-work-stsailes-first-nation-welcomes-29-baskets-home/,2023-03-07,burnslakelakesdistrictnews.com,burnslakelakesdistrictnews.com,,,,
empowering,elder wisdom,Gates of Vienna News Feed 3/29/2023,https://gatesofvienna.net/2023/03/gates-of-vienna-news-feed-3-29-2023/,2023-03-29,gatesofvienna.net,gatesofvienna.net,,,,
empowering,productive aging,16 Best body lotions for aging skin,https://www.sltrib.com/sponsored/2023/02/27/16-best-body-lotions-aging-skin/,2023-02-27,sltrib.com,sltrib.com,,,,
empowering,elder wisdom,PHOTOS: ‘This beautiful work’: Sts’ailes First Nation welcomes 29 baskets home,https://www.sookenewsmirror.com/community/photos-this-beautiful-work-stsailes-first-nation-welcomes-29-baskets-home/,2023-03-07,sookenewsmirror.com,sookenewsmirror.com,,,,
empowering,elder wisdom,Complete text: President Biden’s speech at Monterey Park on gun violence,https://www.lafocusnews.com/complete-text-president-bidens-speech-at-monterey-park-on-gun-violence/?utm_source=rss&utm_medium=rss&utm_campaign=complete-text-president-bidens-speech-at-monterey-park-on-gun-violence,2023-03-15,lafocusnews.com,lafocusnews.com,,,,
empowering,productive aging,Lowe's Companies (LOW) Q3 2023 Earnings Call Transcript,https://www.fool.com/earnings/call-transcripts/2023/11/21/lowes-companies-low-q3-2023-earnings-call-transcri/?source=eptyholnk0000202&utm_source=yahoo-host&utm_medium=feed&utm_campaign=article&yptr=yahoo,2023-11-21,fool.com,fool.com,,,,
empowering,elder wisdom,Manila Cathedral’s ‘Washing of the Feet’ set,https://tribune.net.ph/2023/04/05/manila-cathedrals-washing-of-the-feet-set/?utm_source=rss&utm_medium=rss&utm_campaign=manila-cathedrals-washing-of-the-feet-set,2023-04-05,tribune.net.ph,tribune.net.ph,,,,
empowering,elder wisdom,"Talat Aziz on working with Sharmila Tagore: 'I also had a connection with her husband Tiger Pataudi'-Entertainment News , Firstpost",https://www.firstpost.com/entertainment/exclusive-talat-aziz-on-working-with-sharmila-tagore-i-also-had-a-connection-with-her-husband-tiger-pataudi-12240862.html,2023-03-04,firstpost.com,firstpost.com,,,,
empowering,elder wisdom,Advice from a perfectionist,https://www.deseret.com/2023/3/10/23629499/advice-from-perfectionist-angela-duckworth-grit,2023-03-10,deseret.com,deseret.com,,,,
empowering,productive aging,Buccaneers.com 2023 Mock Draft 4.0,http://www.arizonaherald.com/news/273604367/buccaneerscom-2023-mock-draft-40,2023-03-08,arizonaherald.com,arizonaherald.com,,,,
empowering,elder wisdom,Society as a broad church: How we destroyed the elders and failed our young,https://theaimn.com/society-as-a-broad-church-how-we-destroyed-the-elders-and-failed-our-young/?utm_source=rss&utm_medium=rss&utm_campaign=society-as-a-broad-church-how-we-destroyed-the-elders-and-failed-our-young,2023-02-13,theaimn.com,theaimn.com,,,,
empowering,elder wisdom,"University invites speaker who has attacked Utah LGBTQ. That sounds familiar, George Pyle writes",https://www.sltrib.com/opinion/commentary/2023/03/29/university-invites-speaker-who-has/,2023-03-29,sltrib.com,sltrib.com,,,,
empowering,productive aging,"NFL Mock Draft 2023, 2-round edition: Anthony Richardson, Will Levis stock skyrockets before NFL Combine",https://www.sportingnews.com/au/nfl/news/nfl-mock-draft-2023-2-round-nfl-combine/s3sijusaz5fgapkls9itnftl,2023-02-27,sportingnews.com,sportingnews.com,,,,
empowering,elder wisdom,"I'm lucky to have led you, thanks for tolerating me, Buhari tell Nigerians",https://guardian.ng/news/im-lucky-to-have-led-you-thanks-for-tolerating-me-buhari-tell-nigerians/,2023-04-21,guardian.ng,guardian.ng,,,,
empowering,productive aging,5 charts that show how productivity levels vary by state,"http://thepampanews.com/premium/stories/5-charts-that-show-how-productivity-levels-vary-by-state,33726",2023-03-17,thepampanews.com,thepampanews.com,,,,
empowering,productive aging,$110 million in grants awarded to 86 water quality protection projects across state,https://www.wnypapers.com/news/article/current/2023/03/06/154472/110-million-in-grants-awarded-to-86-water-quality-protection-projects-across-state,2023-03-06,wnypapers.com,wnypapers.com,,,,
empowering,productive aging,"For individuals with dementia, early intervention is key",https://www.dailyherald.com/submitted/20230102/for-individuals-with-dementia-early-intervention-is-key,2023-01-02,dailyherald.com,dailyherald.com,,,,
empowering,elder wisdom,"Swanson: Kareem Abdul-Jabbar no longer No. 1, but he’s still making points",https://www.sgvtribune.com/2023/02/07/swanson-kareem-abdul-jabbar-no-longer-no-1-but-hes-still-making-points/,2023-02-07,sgvtribune.com,sgvtribune.com,,,,
